%%sql
INSERT INTO users (uid, fname, lname, address, phone, ssn, email, password) VALUES
(1, 'Latashia', 'Lemire', '000 Anthes Drive', '(365)142-5049', '550-12-0799', 'email@email.com', '123'),
(2, 'Vella', 'Price', '58 Ridgeview Hill', '(316)898-8617', '135-04-7232', 'email@email.com', '123'),
(3, 'Kacey', 'Lockhart', '73 Sloan Lane', '(730)860-4059', '415-41-2185', 'email@email.com', '123'),
(4, 'Caitlyn', 'Chichester', '861 Vidon Hill', '(755)695-6044', '236-71-2549', 'email@email.com', '123'),
(5, 'Jenae', 'Radosevich', '451 Gateway Alley', '(513)848-3715', '639-62-4022', 'email@email.com', '123'),
(6, 'Elsa', 'Deininger', '8191 Anniversary Plaza', '(104)700-0228', '135-57-8882', 'email@email.com', '123'),
(7, 'Mario', 'Kunst', '73332 Twin Pines Road', '(558)624-1286', '188-72-8866', 'email@email.com', '123'),
(8, 'Katelynn', 'Goewey', '32490 Lukken Street', '(552)342-9047', '614-80-4462', 'email@email.com', '123'),
(9, 'Neely', 'Arjona', '539 Towne Lane', '(736)816-7442', '270-45-5729', 'email@email.com', '123'),
(10, 'Tandra', 'Pembleton', '627 Sullivan Alley', '(978)541-0500', '494-82-0769', 'email@email.com', '123'),
(11, 'Joye', 'Bement', '89 Schurz Park', '(277)208-5533', '266-30-5391', 'email@email.com', '123'),
(12, 'Octavia', 'Biddy', '1949 Arapahoe Place', '(172)961-3248', '387-58-4828', 'email@email.com', '123'),
(13, 'Giovanni', 'Bouyer', '1 Lakewood Gardens Street', '(114)450-4434', '660-68-9396', 'email@email.com', '123'),
(14, 'Burton', 'Nogueira', '21 Arrowood Court', '(705)356-4889', '201-12-9613', 'email@email.com', '123'),
(15, 'Nova', 'Hornbuckle', '49 Tony Avenue', '(696)706-1490', '938-80-8245', 'email@email.com', '123'),
(16, 'Beverly', 'Greenspan', '16893 Reinke Center', '(185)123-7682', '930-51-1149', 'email@email.com', '123'),
(17, 'Idell', 'Derksen', '0 Sheridan Drive', '(847)579-2457', '680-01-6370', 'email@email.com', '123'),
(18, 'Lula', 'Rico', '99 Westport Street', '(322)481-1837', '619-93-4989', 'email@email.com', '123'),
(19, 'Kathryne', 'Carmean', '18532 Graedel Center', '(354)620-3870', '497-90-1243', 'email@email.com', '123'),
(20, 'Omega', 'Mehler', '01 Oak Way', '(123)356-5422', '491-69-9518', 'email@email.com', '123'),
(21, 'Yuki', 'Chappell', '13327 Ryan Hill', '(450)153-1200', '966-83-5501', 'email@email.com', '123'),
(22, 'Brook', 'Nunes', '84 Northwestern Hill', '(726)580-3316', '140-19-7396', 'email@email.com', '123'),
(23, 'Helena', 'Rhodes', '96296 Haas Court', '(890)658-2916', '432-07-3912', 'email@email.com', '123'),
(24, 'Mi', 'Deckman', '928 Rusk Street', '(715)995-9403', '181-86-6074', 'email@email.com', '123'),
(25, 'Willena', 'Arvin', '7235 Esker Lane', '(604)762-0251', '809-01-5891', 'email@email.com', '123'),
(26, 'Sylvie', 'Holguin', '195 Oneill Park', '(309)153-0048', '212-71-5512', 'email@email.com', '123'),
(27, 'Malinda', 'Campanelli', '5456 Sheridan Road', '(293)314-8040', '197-08-1177', 'email@email.com', '123'),
(28, 'Ellena', 'Drain', '5567 Haas Court', '(984)887-1284', '943-75-5753', 'email@email.com', '123'),
(29, 'Audra', 'Kalis', '212 Wayridge Road', '(614)165-7971', '961-85-5408', 'email@email.com', '123'),
(30, 'Karin', 'Crank', '974 Lunder Avenue', '(938)902-5496', '527-33-7317', 'email@email.com', '123');

INSERT INTO bank_accounts (bankaccountid, bankid, accountid, uid, direct_deposit) VALUES
(13, '21000021', '4447387887', 1, FALSE),
(28, '21000021', '5385400741', 2, TRUE),
(6, '21000021', '1331227588', 3, FALSE),
(11, '21000021', '8796502744', 3, TRUE),
(12, '21000021', '1752230812', 4, FALSE),
(22, '21000021', '1339936413', 4, TRUE),
(26, '121000358', '6810955210', 5, FALSE),
(7, '121000358', '6099150618', 6, FALSE),
(15, '121000358', '3855761932', 6, TRUE),
(16, '121000358', '6134697228', 7, TRUE),
(9, '121000358', '5002431771', 8, TRUE),
(17, '121000358', '3605243291', 8, TRUE),
(21, '121000358', '2518823317', 9, TRUE),
(3, '121000248', '7190571193', 10, TRUE),
(27, '121000248', '8730326374', 10, TRUE),
(29, '121000248', '3904395053', 10, TRUE),
(1, '121000248', '6999895701', 12, TRUE),
(24, '121000248', '6632972969', 17, TRUE),
(19, '121000248', '3676190939', 21, TRUE),
(23, '121000248', '7144607389', 22, TRUE),
(25, '21100361', '2174057584', 22, TRUE),
(5, '21100361', '7757248004', 23, FALSE),
(2, '21100361', '8620647423', 25, TRUE),
(20, '21100361', '4901760043', 25, FALSE),
(10, '21100361', '3663394843', 27, TRUE),
(4, '21100361', '3005290848', 28, TRUE),
(8, '21000021', '5066487429', 28, TRUE),
(14, '21000021', '3174038104', 29, TRUE),
(30, '21000021', '6922125336', 29, TRUE),
(18, '21000021', '5262120588', 30, TRUE);

INSERT INTO portfolio(portfolioid, uid) VALUES
(9, 1),
(12, 2),
(6, 3),
(13, 3),
(26, 4),
(22, 4),
(4, 5),
(25, 6),
(28, 6),
(24, 7),
(8, 8),
(27, 8),
(17, 9),
(1, 10),
(11, 10),
(29, 10),
(20, 12),
(21, 17),
(3, 21),
(10, 22),
(19, 22),
(5, 23),
(16, 25),
(30, 25),
(23, 27),
(2, 28),
(7, 28),
(15, 29),
(18, 29),
(14, 30);

INSERT INTO cash_transactions (transactionid, date,  uid, bankaccountid, portfolioid, amount) VALUES
(15, '2015-05-08', 1, 13, 9, -400),
(17, '2015-06-15', 1, 13, 9, -200),
(26, '2015-10-19', 1, 13, 9, -150),
(27, '2015-10-29', 1, 13, 9, -200),
(1, '2013-01-01', 1, 13, 9, 1700),
(2, '2013-01-09', 1, 13, 9, 500),
(3, '2014-01-13', 1, 13, 9, 2000),
(4, '2013-01-15', 2, 28, 12, 2500),
(5, '2014-01-16', 1, 13, 9, 300),
(6, '2014-03-26', 1, 13, 9, 200),
(7, '2015-01-26', 1, 13, 9, 1000),
(8, '2014-02-10', 2, 28, 12, 7000),
(9, '2015-02-11', 1, 13, 9, 3000),
(10, '2015-02-18', 1, 13, 9, 2500),
(11, '2015-02-20', 2, 28, 12, 3000),
(12, '2015-02-26', 1, 13, 9, 50),
(13, '2015-04-08', 1, 13, 9, 600),
(14, '2015-04-15', 1, 13, 9, 200),
(16, '2015-05-18', 1, 13, 9, 100),
(18, '2015-06-23', 1, 13, 9, 300),
(19, '2015-06-25', 1, 13, 9, 400),
(20, '2015-07-03', 1, 13, 9, 250),
(21, '2015-04-25', 2, 28, 12, 2500),
(22, '2015-09-01', 1, 13, 9, 500),
(23, '2015-09-11', 1, 13, 9, 500),
(24, '2015-09-24', 1, 13, 9, 350),
(25, '2015-09-30', 1, 13, 9, 300),
(28, '2015-11-05', 1, 13, 9, 100),
(29, '2015-11-13', 2, 28, 12, 1500),
(30, '2015-12-24', 1, 13, 9, 100);

INSERT INTO us_stock(ticker, cname, current_price, exchange) VALUES
('IBM', 'International Business Machines Corporation', 154.45, 'NYSE'),
('F', 'Ford Motor Company', 11.91, 'NYSE'),
('GM', 'General Motors Company', 31.87, 'NYSE'),
('JPM', 'J P Morgan Chase & Co', 67.52, 'NYSE'),
('XOM', 'Exxon Mobil Corporation', 86.54, 'NYSE'),
('INTC', 'Intel Corporation', 37.45, 'NASDAQ'),
('AAPL', 'Apple Inc.', 117.63, 'NASDAQ'),
('TSLA', 'Tesla Motors, Inc.', 196.51, 'NASDAQ'),
('GE', 'General Electric Company', 28.89, 'NYSE'),
('T', 'AT&T Inc.', 39.22, 'NYSE'),
('JNJ', 'Johnson & Johnson', 117.56, 'NYSE'),
('GS', 'Goldman Sachs Group, Inc. (The)', 170.52, 'NYSE'),
('HD', 'Home Depot, Inc. (The)', 126.42, 'NYSE'),
('MS', 'Morgan Stanley', 32.07, 'NYSE'),
('EBAY', 'eBay Inc.', 31.89, 'NASDAQ'),
('WMT', 'Wal-Mart Stores, Inc.', 68.45, 'NYSE'),
('AA', 'Alcoa Inc.', 26.44, 'NYSE'),
('DDD', '3D Systems Corporation', 14.26, 'NYSE'),
('MMM', '3M Company', 170.33, 'NYSE'),
('WBAI', '500.com Limited', 19.2, 'NYSE'),
('WUBA', '58.com Inc.', 45.62, 'NYSE'),
('AHC', 'A.H. Belo Corporation', 7.11, 'NYSE'),
('ATEN', 'A10 Networks, Inc.', 9.39, 'NYSE'),
('AAC', 'AAC Holdings, Inc.', 17.11, 'NYSE'),
('AIR', 'AAR Corp.', 30.71, 'NYSE'),
('AAN', 'Aaron&#39;s,  Inc.', 22.76, 'NYSE'),
('ABB', 'ABB Ltd', 22.34, 'NYSE'),
('ABT', 'Abbott Laboratories', 40.79, 'NYSE'),
('ABBV', 'AbbVie Inc.', 60.17, 'NYSE'),
('ANF', 'Abercrombie & Fitch Company', 15.73, 'NYSE'),
('GCH', 'Aberdeen Greater China Fund, Inc.', 9.07, 'NYSE'),
('JEQ', 'Aberdeen Japan Equity Fund, Inc.', 8.09, 'NYSE'),
('SGF', 'Aberdeen Singapore Fund, Inc.', 9.18, 'NYSE'),
('ABM', 'ABM Industries Incorporated', 37.82, 'NYSE'),
('AKR', 'Acadia Realty Trust', 34.6, 'NYSE'),
('ACN', 'Accenture plc', 118.25, 'NYSE'),
('ACCO', 'Acco Brands Corporation', 9.17, 'NYSE'),
('ACW', 'Accuride Corporation New', 2.44, 'NYSE'),
('ATV', 'Acorn International, Inc.', 9.2, 'NYSE'),
('ATU', 'Actuant Corporation', 22.26, 'NYSE'),
('AYI', 'Acuity Brands Inc', 248.02, 'NYSE'),
('ADX', 'Adams Diversified Equity Fund, Inc.', 12.96, 'NYSE'),
('PEO', 'Adams Natural Resources Fund, Inc.', 19.46, 'NYSE'),
('AGRO', 'Adecoagro S.A.', 11.36, 'NYSE'),
('ADPT', 'Adeptus Health Inc.', 38.95, 'NYSE'),
('AAP', 'Advance Auto Parts Inc', 146.64, 'NYSE'),
('ADSW', 'Advanced Disposal Services, Inc.', 19.45, 'NYSE'),
('WMS', 'Advanced Drainage Systems, Inc.', 22.25, 'NYSE'),
('ASX', 'Advanced Semiconductor Engineering, Inc.', 5.98, 'NYSE'),
('APFH', 'AdvancePierre Foods Holdings, Inc.', 27.89, 'NYSE'),
('ASIX', 'AdvanSix Inc.', 15.62, 'NYSE'),
('AAV', 'Advantage Oil & Gas Ltd', 7.75, 'NYSE'),
('AVK', 'Advent Claymore Convertible Securities and Income Fund', 14.14, 'NYSE'),
('AGC', 'Advent Claymore Convertible Securities and Income Fund II', 5.61, 'NYSE'),
('LCM', 'Advent/Claymore Enhanced Growth & Income Fund', 8.26, 'NYSE'),
('ACM', 'AECOM', 27.61, 'NYSE'),
('ANW', 'Aegean Marine Petroleum Network Inc.', 9.41, 'NYSE'),
('AEB', 'Aegon NV', 24.694, 'NYSE'),
('AED', 'Aegon NV', 25.67, 'NYSE'),
('AEG', 'Aegon NV', 4.06, 'NYSE'),
('AEH', 'Aegon NV', 25.47, 'NYSE'),
('AEK', 'Aegon NV', 26.89, 'NYSE'),
('AER', 'Aercap Holdings N.V.', 38.77, 'NYSE'),
('HIVE', 'Aerohive Networks, Inc.', 5.54, 'NYSE'),
('AJRD', 'Aerojet Rocketdyne Holdings, Inc.', 17.04, 'NYSE'),
('AET', 'Aetna Inc.', 109.64, 'NYSE'),
('AMG', 'Affiliated Managers Group, Inc.', 142.34, 'NYSE'),
('MGR', 'Affiliated Managers Group, Inc.', 26.16, 'NYSE'),
('AFL', 'Aflac Incorporated', 70.96, 'NYSE'),
('AFSD', 'Aflac Incorporated', 25.84, 'NYSE'),
('MITT', 'AG Mortgage Investment Trust, Inc.', 15.01, 'NYSE'),
('MITT^A', 'AG Mortgage Investment Trust, Inc.', 24.75, 'NYSE'),
('MITT^B', 'AG Mortgage Investment Trust, Inc.', 24.52, 'NYSE'),
('AGCO', 'AGCO Corporation', 51.08, 'NYSE'),
('A', 'Agilent Technologies, Inc.', 45.08, 'NYSE'),
('AEM', 'Agnico Eagle Mines Limited', 45.66, 'NYSE'),
('ADC', 'Agree Realty Corporation', 46.82, 'NYSE'),
('GRO', 'Agria Corporation', 0.82, 'NYSE'),
('AGU', 'Agrium Inc.', 89.49, 'NYSE'),
('AL', 'Air Lease Corporation', 28.23, 'NYSE'),
('APD', 'Air Products and Chemicals, Inc.', 132.65, 'NYSE'),
('AYR', 'Aircastle Limited', 19.48, 'NYSE'),
('AKS', 'AK Steel Holding Corporation', 4.51, 'NYSE'),
('ALP^O', 'Alabama Power Company', 30.0178, 'NYSE'),
('ALG', 'Alamo Group, Inc.', 65.06, 'NYSE'),
('AGI', 'Alamos Gold Inc.', 7.47, 'NYSE'),
('ALK', 'Alaska Air Group, Inc.', 72.31, 'NYSE'),
('AIN', 'Albany International Corporation', 41.18, 'NYSE'),
('ALB', 'Albemarle Corporation', 80.86, 'NYSE'),
('AA^B', 'Alcoa Inc.', 29.21, 'NYSE'),
('ALR', 'Alere Inc.', 43.16, 'NYSE'),
('ALR^B', 'Alere Inc.', 336.01, 'NYSE'),
('ALEX', 'Alexander & Baldwin Holdings, Inc.', 37.38, 'NYSE'),
('ALX', 'Alexander&#39;s, Inc.', 380.03, 'NYSE'),
('ARE', 'Alexandria Real Estate Equities, Inc.', 103.87, 'NYSE'),
('ARE^D', 'Alexandria Real Estate Equities, Inc.', 34.7, 'NYSE'),
('ARE^E', 'Alexandria Real Estate Equities, Inc.', 25.7, 'NYSE'),
('BABA', 'Alibaba Group Holding Limited', 101.85, 'NYSE'),
('Y', 'Alleghany Corporation', 528.85, 'NYSE'),
('ATI', 'Allegheny Technologies Incorporated', 16.44, 'NYSE'),
('ALLE', 'Allegion plc', 67.69, 'NYSE'),
('AGN', 'Allergan plc.', 227.55, 'NYSE'),
('AGN^A', 'Allergan plc.', 813.98, 'NYSE'),
('ALE', 'Allete, Inc.', 57.58, 'NYSE'),
('AKP', 'Alliance California Municipal Income Fund Inc', 14.5, 'NYSE'),
('ADS', 'Alliance Data Systems Corporation', 209.77, 'NYSE'),
('AFB', 'Alliance National Municipal Income Fund Inc', 14.09, 'NYSE'),
('AOI', 'Alliance One International, Inc.', 17.98, 'NYSE'),
('AWF', 'Alliance World Dollar Government Fund II', 12.36, 'NYSE'),
('AB', 'AllianceBernstein Holding L.P.', 21.95, 'NYSE'),
('LNT', 'Alliant Energy Corporation', 36.97, 'NYSE'),
('NCV', 'AllianzGI Convertible & Income Fund', 6.69, 'NYSE'),
('NCZ', 'AllianzGI Convertible & Income Fund II', 5.84, 'NYSE'),
('ACV', 'AllianzGI Diversified Income & Convertible Fund', 18.12, 'NYSE'),
('NIE', 'AllianzGI Equity & Convertible Income Fund', 18.36, 'NYSE'),
('NFJ', 'AllianzGI NFJ Dividend, Interest & Premium Strategy Fund', 12.18, 'NYSE'),
('AWH', 'Allied World Assurance Company Holdings, AG', 43.82, 'NYSE'),
('ALSN', 'Allison Transmission Holdings, Inc.', 27.71, 'NYSE'),
('ALL', 'Allstate Corporation (The)', 69.33, 'NYSE'),
('ALL^A', 'Allstate Corporation (The)', 26.19, 'NYSE'),
('ALL^B', 'Allstate Corporation (The)', 27.03, 'NYSE'),
('ALL^C', 'Allstate Corporation (The)', 26.95, 'NYSE'),
('ALL^D', 'Allstate Corporation (The)', 26.98, 'NYSE'),
('ALL^E', 'Allstate Corporation (The)', 26.98, 'NYSE'),
('ALL^F', 'Allstate Corporation (The)', 26.86, 'NYSE'),
('ALLY', 'Ally Financial Inc.', 19.3, 'NYSE'),
('ALLY^A', 'Ally Financial Inc.', 25.43, 'NYSE'),
('ALJ', 'Alon USA Energy, Inc.', 8.45, 'NYSE'),
('ALDW', 'Alon USA Partners, LP', 8.14, 'NYSE'),
('AGD', 'Alpine Global Dynamic Dividend Fund', 8.45, 'NYSE'),
('AWP', 'Alpine Global Premier Properties Fund', 5.34, 'NYSE'),
('AOD', 'Alpine Total Dynamic Dividend Fund', 7.46, 'NYSE'),
('RESI', 'Altisource Residential Corporation', 10.24, 'NYSE'),
('MO', 'Altria Group', 62.44, 'NYSE'),
('ACH', 'Aluminum Corporation of China Limited', 9.34, 'NYSE'),
('AMBR', 'Amber Road, Inc.', 9.37, 'NYSE'),
('ABEV', 'Ambev S.A.', 6.09, 'NYSE'),
('AMC', 'AMC Entertainment Holdings, Inc.', 31.75, 'NYSE'),
('AMFW', 'Amec Plc Ord', 7.49, 'NYSE'),
('AEE', 'Ameren Corporation', 48.03, 'NYSE'),
('AMRC', 'Ameresco, Inc.', 4.84, 'NYSE'),
('AMX', 'America Movil, S.A.B. de C.V.', 11.58, 'NYSE'),
('AAT', 'American Assets Trust, Inc.', 40.76, 'NYSE'),
('AXL', 'American Axle & Manufacturing Holdings, Inc.', 17.78, 'NYSE'),
('ACC', 'American Campus Communities Inc', 49.27, 'NYSE'),
('AEO', 'American Eagle Outfitters, Inc.', 17.19, 'NYSE'),
('AEP', 'American Electric Power Company, Inc.', 62.3, 'NYSE'),
('AEL', 'American Equity Investment Life Holding Company', 17.87, 'NYSE'),
('AXP', 'American Express Company', 60.15, 'NYSE'),
('AFA', 'American Financial Group, Inc.', 25.58, 'NYSE'),
('AFG', 'American Financial Group, Inc.', 76.25, 'NYSE'),
('AFGE', 'American Financial Group, Inc.', 27.2, 'NYSE'),
('AFGH', 'American Financial Group, Inc.', 26.91, 'NYSE'),
('AFW', 'American Financial Group, Inc.', 25.93, 'NYSE'),
('AMH', 'American Homes 4 Rent', 20.33, 'NYSE'),
('AMH^A', 'American Homes 4 Rent', 27.6323, 'NYSE'),
('AMH^B', 'American Homes 4 Rent', 27.6987, 'NYSE'),
('AMH^C', 'American Homes 4 Rent', 27.5562, 'NYSE'),
('AMH^D', 'American Homes 4 Rent', 26.2, 'NYSE'),
('AMH^E', 'American Homes 4 Rent', 25.8, 'NYSE'),
('AIG', 'American International Group, Inc.', 59.86, 'NYSE'),
('AMID', 'American Midstream Partners, LP', 14.24, 'NYSE'),
('ARL', 'American Realty Investors, Inc.', 7.095, 'NYSE'),
('ARA', 'American Renal Associates Holdings, Inc', 18.02, 'NYSE'),
('AWR', 'American States Water Company', 38.33, 'NYSE'),
('AMT', 'American Tower Corporation (REIT)', 113.35, 'NYSE'),
('AMT^A', 'American Tower Corporation (REIT)', 110.5001, 'NYSE'),
('AMT^B', 'American Tower Corporation (REIT)', 109.97, 'NYSE'),
('AVD', 'American Vanguard Corporation', 15.45, 'NYSE'),
('AWK', 'American Water Works', 71.73, 'NYSE'),
('APU', 'AmeriGas Partners, L.P.', 45.47, 'NYSE'),
('AMP', 'AMERIPRISE FINANCIAL SERVICES, INC.', 97.08, 'NYSE'),
('ABC', 'AmerisourceBergen Corporation (Holding Co)', 79.79, 'NYSE'),
('ANFI', 'Amira Nature Foods Ltd', 8.19, 'NYSE'),
('AHS', 'AMN Healthcare Services Inc', 33.84, 'NYSE'),
('AP', 'Ampco-Pittsburgh Corporation', 10.41, 'NYSE'),
('APH', 'Amphenol Corporation', 63.56, 'NYSE'),
('BETR', 'Amplify Snack Brands, inc.', 14.96, 'NYSE'),
('AXR', 'AMREP Corporation', 7.72, 'NYSE'),
('AME', 'AMTEK, Inc.', 45.84, 'NYSE'),
('AFSI^A', 'AmTrust Financial Services, Inc.', 25.1187, 'NYSE'),
('AFSI^B', 'AmTrust Financial Services, Inc.', 25.4833, 'NYSE'),
('AFSI^C', 'AmTrust Financial Services, Inc.', 25.7383, 'NYSE'),
('AFSI^D', 'AmTrust Financial Services, Inc.', 25.6, 'NYSE'),
('AFSI^E', 'AmTrust Financial Services, Inc.', 26.2277, 'NYSE'),
('AFSI^F', 'AmTrust Financial Services, Inc.', 25.23, 'NYSE'),
('AFSS', 'AmTrust Financial Services, Inc.', 25.72, 'NYSE'),
('AFST', 'AmTrust Financial Services, Inc.', 26.35, 'NYSE'),
('AEUA', 'Anadarko Petroleum Corporation', 41.9999, 'NYSE'),
('APC', 'Anadarko Petroleum Corporation', 63.37, 'NYSE'),
('AU', 'AngloGold Ashanti Limited', 13.38, 'NYSE'),
('BUD', 'Anheuser-Busch Inbev SA', 128.65, 'NYSE'),
('AXE', 'Anixter International Inc.', 60.8, 'NYSE'),
('NLY', 'Annaly Capital Management Inc', 10.15, 'NYSE'),
('NLY^A', 'Annaly Capital Management Inc', 25.37, 'NYSE'),
('NLY^C', 'Annaly Capital Management Inc', 25.1, 'NYSE'),
('NLY^D', 'Annaly Capital Management Inc', 25.1, 'NYSE'),
('NLY^E', 'Annaly Capital Management Inc', 25.25, 'NYSE'),
('AM', 'Antero Midstream Partners LP', 28.16, 'NYSE'),
('AR', 'Antero Resources Corporation', 27.51, 'NYSE'),
('ANTM', 'Anthem, Inc.', 121.09, 'NYSE'),
('ANTX', 'Anthem, Inc.', 42.07, 'NYSE'),
('ANH', 'Anworth Mortgage Asset  Corporation', 4.8, 'NYSE'),
('ANH^A', 'Anworth Mortgage Asset  Corporation', 25.3, 'NYSE'),
('ANH^B', 'Anworth Mortgage Asset  Corporation', 24.47, 'NYSE'),
('ANH^C', 'Anworth Mortgage Asset  Corporation', 24.95, 'NYSE'),
('AON', 'Aon plc', 110.69, 'NYSE'),
('APA', 'Apache Corporation', 61.77, 'NYSE'),
('AIV', 'Apartment Investment and Management Company', 42.79, 'NYSE'),
('AIV^A', 'Apartment Investment and Management Company', 27.2245, 'NYSE'),
('ARI', 'Apollo Commercial Real Estate Finance', 16.14, 'NYSE'),
('ARI^A', 'Apollo Commercial Real Estate Finance', 25.27, 'NYSE'),
('ARI^C', 'Apollo Commercial Real Estate Finance', 24.9, 'NYSE'),
('APO', 'Apollo Global Management, LLC', 17.9, 'NYSE'),
('AIB', 'Apollo Investment Corporation', 25.65, 'NYSE'),
('AIY', 'Apollo Investment Corporation', 26.65, 'NYSE'),
('AFT', 'Apollo Senior Floating Rate Fund Inc.', 16.54, 'NYSE'),
('AIF', 'Apollo Tactical Income Fund Inc.', 15.42, 'NYSE'),
('APLE', 'Apple Hospitality REIT, Inc.', 18.39, 'NYSE'),
('AIT', 'Applied Industrial Technologies, Inc.', 45.48, 'NYSE'),
('ATR', 'AptarGroup, Inc.', 76.03, 'NYSE'),
('WTR', 'Aqua America, Inc.', 29.56, 'NYSE'),
('WAAS', 'AquaVenture Holdings Limited', 22.48, 'NYSE'),
('ARMK', 'Aramark', 37.05, 'NYSE'),
('ABR', 'Arbor Realty Trust', 7.36, 'NYSE'),
('ABR^A', 'Arbor Realty Trust', 25.0286, 'NYSE'),
('ABR^B', 'Arbor Realty Trust', 24.8632, 'NYSE'),
('ABR^C', 'Arbor Realty Trust', 26.3434, 'NYSE'),
('ABRN', 'Arbor Realty Trust', 25.6, 'NYSE'),
('ARC', 'ARC Document Solutions, Inc.', 3.43, 'NYSE'),
('ARCX', 'Arc Logistic Partners LP', 15.15, 'NYSE'),
('MT', 'ArcelorMittal', 6.21, 'NYSE'),
('ARH^C', 'Arch Capital Group Ltd.', 25.55, 'NYSE'),
('ARCH', 'Arch Coal, Inc.', 67.14, 'NYSE'),
('ADM', 'Archer-Daniels-Midland Company', 42.13, 'NYSE'),
('AROC', 'Archrock, Inc.', 12.39, 'NYSE'),
('ARCO', 'Arcos Dorados Holdings Inc.', 6.08, 'NYSE'),
('ASC', 'Ardmore Shipping Corporation', 6.61, 'NYSE'),
('AFC', 'Ares Capital Corporation', 25.46, 'NYSE'),
('ARU', 'Ares Capital Corporation', 25.8199, 'NYSE'),
('ACRE', 'Ares Commercial Real Estate Corporation', 12.71, 'NYSE'),
('ARDC', 'Ares Dynamic Credit Allocation Fund, Inc.', 14.53, 'NYSE'),
('ARES', 'Ares Management L.P.', 18, 'NYSE'),
('ARES^A', 'Ares Management L.P.', 25.8944, 'NYSE'),
('AGX', 'Argan, Inc.', 54.94, 'NYSE'),
('ANET', 'Arista Networks, Inc.', 80.45, 'NYSE'),
('AI', 'Arlington Asset Investment Corp', 14.32, 'NYSE'),
('AIC', 'Arlington Asset Investment Corp', 22.8673, 'NYSE'),
('AIW', 'Arlington Asset Investment Corp', 23.8, 'NYSE'),
('AHH', 'Armada Hoffler Properties, Inc.', 13.54, 'NYSE'),
('ARR', 'ARMOUR Residential REIT, Inc.', 22.02, 'NYSE'),
('ARR^A', 'ARMOUR Residential REIT, Inc.', 24.29, 'NYSE'),
('ARR^B', 'ARMOUR Residential REIT, Inc.', 23.14, 'NYSE'),
('AFI', 'Armstrong Flooring, Inc.', 17.81, 'NYSE'),
('AWI', 'Armstrong World Industries Inc', 41.25, 'NYSE'),
('ARW', 'Arrow Electronics, Inc.', 62.14, 'NYSE'),
('AJG', 'Arthur J. Gallagher & Co.', 50.24, 'NYSE'),
('APAM', 'Artisan Partners Asset Management Inc.', 27.61, 'NYSE'),
('ASA', 'ASA Gold and Precious Metals Limited', 13.09, 'NYSE'),
('ABG', 'Asbury Automotive Group Inc', 55.4, 'NYSE'),
('AHP', 'Ashford Hospitality Prime, Inc.', 13.69, 'NYSE'),
('AHP^B', 'Ashford Hospitality Prime, Inc.', 23.4, 'NYSE'),
('AHT', 'Ashford Hospitality Trust Inc', 6.04, 'NYSE'),
('AHT^A', 'Ashford Hospitality Trust Inc', 25.1299, 'NYSE'),
('AHT^D', 'Ashford Hospitality Trust Inc', 25.16, 'NYSE'),
('AHT^F', 'Ashford Hospitality Trust Inc', 25.28, 'NYSE'),
('ASH', 'Ashland Global Holdings Inc.', 114.11, 'NYSE'),
('APB', 'Asia Pacific Fund, Inc. (The)', 10.31, 'NYSE'),
('GRR', 'Asia Tigers Fund, Inc. (The)', 9.74, 'NYSE'),
('ASPN', 'Aspen Aerogels, Inc.', 6.1, 'NYSE'),
('AHL', 'Aspen Insurance Holdings Limited', 49.65, 'NYSE'),
('AHL^A', 'Aspen Insurance Holdings Limited', 25.45, 'NYSE'),
('AHL^B', 'Aspen Insurance Holdings Limited', 25.89, 'NYSE'),
('AHL^C', 'Aspen Insurance Holdings Limited', 28.29, 'NYSE'),
('AHL^D', 'Aspen Insurance Holdings Limited', 25.41, 'NYSE'),
('ASB', 'Associated Banc-Corp', 19.25, 'NYSE'),
('ASB^C', 'Associated Banc-Corp', 26.635, 'NYSE'),
('ASB^D', 'Associated Banc-Corp', 25.21, 'NYSE'),
('AC', 'Associated Capital Group, Inc.', 34.88, 'NYSE'),
('AIZ', 'Assurant, Inc.', 90.98, 'NYSE'),
('AGO', 'Assured Guaranty Ltd.', 28.67, 'NYSE'),
('AGO^B', 'Assured Guaranty Ltd.', 26.1472, 'NYSE'),
('AGO^E', 'Assured Guaranty Ltd.', 25.9423, 'NYSE'),
('AGO^F', 'Assured Guaranty Ltd.', 25.3, 'NYSE'),
('AF', 'Astoria Financial Corporation', 14.19, 'NYSE'),
('AF^C', 'Astoria Financial Corporation', 25.9991, 'NYSE'),
('AZN', 'Astrazeneca PLC', 30.59, 'NYSE'),
('HOME', 'At Home Group Inc.', 12.64, 'NYSE'),
('ATTO', 'Atento S.A.', 8.94, 'NYSE'),
('ATKR', 'Atkore International Group Inc.', 19.27, 'NYSE'),
('AT', 'Atlantic Power Corporation', 2.46, 'NYSE'),
('ATO', 'Atmos Energy Corporation', 71.08, 'NYSE'),
('ATW', 'Atwood Oceanics, Inc.', 9.1, 'NYSE'),
('AUO', 'AU Optronics Corp', 3.61, 'NYSE'),
('ATHM', 'Autohome Inc.', 25.73, 'NYSE'),
('ALV', 'Autoliv, Inc.', 100.29, 'NYSE'),
('AN', 'AutoNation, Inc.', 48.32, 'NYSE'),
('AZO', 'AutoZone, Inc.', 763.51, 'NYSE'),
('AVB', 'AvalonBay Communities, Inc.', 168.93, 'NYSE'),
('AGR', 'Avangrid, Inc.', 40, 'NYSE'),
('ACP', 'Avenue Income Credit Strategies Fund', 12.81, 'NYSE'),
('AVY', 'Avery Dennison Corporation', 76.45, 'NYSE'),
('AVG', 'AVG Technologies N.V.', 24.95, 'NYSE'),
('AVH', 'Avianca Holdings S.A.', 6.39, 'NYSE'),
('AVA', 'Avista Corporation', 39.7, 'NYSE'),
('AV', 'Aviva plc', 10.97, 'NYSE'),
('AVV', 'Aviva plc', 25.67, 'NYSE'),
('AVT', 'Avnet, Inc.', 41.3, 'NYSE'),
('AVP', 'Avon Products, Inc.', 6.28, 'NYSE'),
('AVX', 'AVX Corporation', 13.74, 'NYSE'),
('AXTA', 'Axalta Coating Systems Ltd.', 26.21, 'NYSE'),
('AXS', 'Axis Capital Holdings Limited', 56.96, 'NYSE'),
('AXS^C', 'Axis Capital Holdings Limited', 25.61, 'NYSE'),
('AXS^D', 'Axis Capital Holdings Limited', 25.47, 'NYSE'),
('AXON', 'Axovant Sciences Ltd.', 13, 'NYSE'),
('AZRE', 'Azure Power Global Limited', 13.7499, 'NYSE'),
('AZZ', 'AZZ Inc.', 54.6, 'NYSE'),
('BGS', 'B&G Foods, Inc.', 48.17, 'NYSE'),
('BW', 'Babcock', 15.49, 'NYSE'),
('BGH', 'Babson Global Short Duration High Yield Fund', 18.35, 'NYSE'),
('BMI', 'Badger Meter, Inc.', 33.06, 'NYSE'),
('BHI', 'Baker Hughes Incorporated', 51.75, 'NYSE'),
('BBN', 'BalckRock Taxable Municipal Bond Trust', 22.78, 'NYSE'),
('BLL', 'Ball Corporation', 79.26, 'NYSE'),
('BGE^B', 'Baltimore Gas & Electric Company', 25.8962, 'NYSE'),
('BANC', 'Banc of California, Inc.', 16.5, 'NYSE'),
('BANC^C', 'Banc of California, Inc.', 26.52, 'NYSE'),
('BANC^D', 'Banc of California, Inc.', 26.3, 'NYSE'),
('BANC^E', 'Banc of California, Inc.', 25.84, 'NYSE'),
('BBVA', 'Banco Bilbao Viscaya Argentaria S.A.', 6.24, 'NYSE'),
('BBD', 'Banco Bradesco Sa', 9.65, 'NYSE'),
('BBDO', 'Banco Bradesco Sa', 9.25, 'NYSE'),
('BCH', 'Banco De Chile', 66.79, 'NYSE'),
('BLX', 'Banco Latinoamericano de Comercio Exterior, S.A.', 28.17, 'NYSE'),
('BSBR', 'Banco Santander Brasil SA', 7.36, 'NYSE'),
('BSAC', 'Banco Santander Chile', 20.52, 'NYSE'),
('SAN', 'Banco Santander, S.A.', 4.36, 'NYSE'),
('SAN^A', 'Banco Santander, S.A.', 25.405, 'NYSE'),
('SAN^B', 'Banco Santander, S.A.', 23.85, 'NYSE'),
('SAN^C', 'Banco Santander, S.A.', 25.33, 'NYSE'),
('SAN^I', 'Banco Santander, S.A.', 25.23, 'NYSE'),
('CIB', 'BanColombia S.A.', 38.43, 'NYSE'),
('BXS', 'BancorpSouth, Inc.', 22.66, 'NYSE'),
('BAC', 'Bank of America Corporation', 16, 'NYSE'),
('BAC^A', 'Bank of America Corporation', 25.95, 'NYSE'),
('BAC^C', 'Bank of America Corporation', 26.06, 'NYSE'),
('BAC^D', 'Bank of America Corporation', 25.68, 'NYSE'),
('BAC^E', 'Bank of America Corporation', 26.36, 'NYSE'),
('BAC^I', 'Bank of America Corporation', 26.1, 'NYSE'),
('BAC^L', 'Bank of America Corporation', 1205, 'NYSE'),
('BAC^W', 'Bank of America Corporation', 26.85, 'NYSE'),
('BAC^Y', 'Bank of America Corporation', 26.74, 'NYSE'),
('BML^G', 'Bank of America Corporation', 22.05, 'NYSE'),
('BML^H', 'Bank of America Corporation', 22.65, 'NYSE'),
('BML^I', 'Bank of America Corporation', 25.63, 'NYSE'),
('BML^J', 'Bank of America Corporation', 23.5901, 'NYSE'),
('BML^L', 'Bank of America Corporation', 23.5, 'NYSE'),
('BOH', 'Bank of Hawaii Corporation', 73.26, 'NYSE'),
('BMO', 'Bank Of Montreal', 64.29, 'NYSE'),
('NTB', 'Bank of N.T. Butterfield & Son Limited (The)', 25.8, 'NYSE'),
('BK', 'Bank Of New York Mellon Corporation (The)', 39.47, 'NYSE'),
('BK^C', 'Bank Of New York Mellon Corporation (The)', 25.8084, 'NYSE'),
('BNS', 'Bank of Nova Scotia (The)', 53.42, 'NYSE'),
('RATE', 'Bankrate, Inc.', 7.7, 'NYSE'),
('BKU', 'BankUnited, Inc.', 29.08, 'NYSE'),
('BCS', 'Barclays PLC', 8.28, 'NYSE'),
('BCS^A', 'Barclays PLC', 25.56, 'NYSE'),
('BCS^D', 'Barclays PLC', 25.83, 'NYSE'),
('MCI', 'Barings Corporate Investors', 17.6351, 'NYSE'),
('MPV', 'Barings Participation Investors', 14.94, 'NYSE'),
('BNED', 'Barnes & Noble Education, Inc', 9.6, 'NYSE'),
('BKS', 'Barnes & Noble, Inc.', 10.52, 'NYSE'),
('B', 'Barnes Group, Inc.', 38.91, 'NYSE'),
('CUDA', 'Barracuda Networks, Inc.', 25.52, 'NYSE'),
('ABX', 'Barrick Gold Corporation', 15.69, 'NYSE'),
('BAS', 'Basic Energy Services, Inc.', 0.6169, 'NYSE'),
('BAX', 'Baxter International Inc.', 47.45, 'NYSE'),
('BTE', 'Baytex Energy Corp', 4.28, 'NYSE'),
('BBT', 'BB&T Corporation', 37.89, 'NYSE'),
('BBT^D', 'BB&T Corporation', 25.555, 'NYSE'),
('BBT^E', 'BB&T Corporation', 25.49, 'NYSE'),
('BBT^F', 'BB&T Corporation', 25.2399, 'NYSE'),
('BBT^G', 'BB&T Corporation', 25.53, 'NYSE'),
('BBT^H', 'BB&T Corporation', 26.09, 'NYSE'),
('BFR', 'BBVA Banco Frances S.A.', 19.95, 'NYSE'),
('BBX', 'BBX Capital Corporation', 20.37, 'NYSE'),
('BCE', 'BCE, Inc.', 45.88, 'NYSE'),
('BZH', 'Beazer Homes USA, Inc.', 11.1, 'NYSE'),
('BDX', 'Becton, Dickinson and Company', 171.93, 'NYSE'),
('BDC', 'Belden Inc', 66.46, 'NYSE'),
('BDC^B', 'Belden Inc', 98.74, 'NYSE'),
('BXE', 'Bellatrix Exploration Ltd', 0.9391, 'NYSE'),
('BEL', 'Belmond Ltd.', 12.31, 'NYSE'),
('BMS', 'Bemis Company, Inc.', 50.09, 'NYSE'),
('BHE', 'Benchmark Electronics, Inc.', 24.83, 'NYSE'),
('BHLB', 'Berkshire Hills Bancorp, Inc.', 27.75, 'NYSE'),
('BBY', 'Best Buy Co., Inc.', 39.31, 'NYSE'),
('BGCA', 'BGC Partners, Inc.', 26.12, 'NYSE'),
('BHP', 'BHP Billiton Limited', 33.99, 'NYSE'),
('BBL', 'BHP Billiton plc', 29.55, 'NYSE'),
('BIG', 'Big Lots, Inc.', 44.81, 'NYSE'),
('BH', 'Biglari Holdings Inc.', 430.75, 'NYSE'),
('BBG', 'Bill Barrett Corporation', 5.17, 'NYSE'),
('BIOA', 'BioAmber Inc.', 4.46, 'NYSE'),
('BIO', 'Bio-Rad Laboratories, Inc.', 161.33, 'NYSE'),
('BITA', 'Bitauto Holdings Limited', 27.48, 'NYSE'),
('BKH', 'Black Hills Corporation', 58.52, 'NYSE'),
('BKHU', 'Black Hills Corporation', 65.59, 'NYSE'),
('BKFS', 'Black Knight Financial Services, Inc.', 39.23, 'NYSE'),
('BSM', 'Black Stone Minerals, L.P.', 17.89, 'NYSE'),
('BJZ', 'Blackrock California Municipal 2018 Term Trust', 15.1, 'NYSE'),
('BFZ', 'BlackRock California Municipal Income Trust', 15.46, 'NYSE'),
('CII', 'Blackrock Capital and Income Strategies Fund Inc', 13.15, 'NYSE'),
('BHK', 'Blackrock Core Bond Trust', 13.56, 'NYSE'),
('HYT', 'Blackrock Corporate High Yield Fund, Inc.', 10.57, 'NYSE'),
('BTZ', 'BlackRock Credit Allocation Income Trust', 12.95, 'NYSE'),
('DSU', 'Blackrock Debt Strategies Fund, Inc.', 3.6, 'NYSE'),
('BHL', 'Blackrock Defined Opportunity Credit Trust', 13.35, 'NYSE'),
('BGR', 'BlackRock Energy and Resources Trust', 14, 'NYSE'),
('BDJ', 'Blackrock Enhanced Equity Dividend Trust', 7.62, 'NYSE'),
('EGF', 'Blackrock Enhanced Government Fund, Inc', 13.75, 'NYSE'),
('FRA', 'Blackrock Floating Rate Income Strategies Fund Inc', 13.65, 'NYSE'),
('BFO', 'Blackrock Florida Municipal 2020 Term Trust', 15.17, 'NYSE'),
('BGT', 'Blackrock Global', 13.54, 'NYSE'),
('BOE', 'Blackrock Global', 11.76, 'NYSE'),
('BME', 'Blackrock Health Sciences Trust', 33.43, 'NYSE'),
('BAF', 'BlackRock Income Investment Quality Trust', 14.86, 'NYSE'),
('BKT', 'BlackRock Income Trust Inc. (The)', 6.41, 'NYSE'),
('BGY', 'BLACKROCK INTERNATIONAL, LTD.', 5.68, 'NYSE'),
('BKN', 'BlackRock Investment Quality Municipal Trust Inc. (The)', 15.8899, 'NYSE'),
('BTA', 'BlackRock Long-Term Municipal Advantage Trust', 11.88, 'NYSE'),
('BIT', 'BlackRock Multi-Sector Income Trust', 16.84, 'NYSE'),
('MUI', 'Blackrock Muni Intermediate Duration Fund Inc', 14.57, 'NYSE'),
('MNE', 'Blackrock Muni New York Intermediate Duration Fund Inc', 14.52, 'NYSE'),
('MUA', 'Blackrock MuniAssets Fund, Inc.', 14.15, 'NYSE'),
('BPK', 'Blackrock Municipal 2018 Term Trust', 15.21, 'NYSE'),
('BKK', 'Blackrock Municipal 2020 Term Trust', 16.16, 'NYSE'),
('BBK', 'Blackrock Municipal Bond Trust', 16.45, 'NYSE'),
('BBF', 'BlackRock Municipal Income Investment Trust', 14.5389, 'NYSE'),
('BYM', 'Blackrock Municipal Income Quality Trust', 14.65, 'NYSE'),
('BFK', 'BlackRock Municipal Income Trust', 14.81, 'NYSE'),
('BTT', 'BlackRock Municipal Target Term Trust Inc. (The)', 22.98, 'NYSE'),
('MEN', 'Blackrock MuniEnhanced Fund, Inc.', 11.84, 'NYSE'),
('MUC', 'Blackrock MuniHoldings California Quality Fund,  Inc.', 15.1, 'NYSE'),
('MUH', 'Blackrock MuniHoldings Fund II, Inc.', 15.64, 'NYSE'),
('MHD', 'Blackrock MuniHoldings Fund, Inc.', 17.14, 'NYSE'),
('MFL', 'Blackrock MuniHoldings Investment Quality Fund', 15.03, 'NYSE'),
('MUJ', 'Blackrock MuniHoldings New Jersey Insured Fund, Inc.', 14.82, 'NYSE'),
('MHN', 'Blackrock MuniHoldings New York Quality Fund, Inc.', 14.1, 'NYSE'),
('MUE', 'Blackrock MuniHoldings Quality Fund II, Inc.', 13.9, 'NYSE'),
('MUS', 'Blackrock MuniHoldings Quality Fund, Inc.', 13.87, 'NYSE'),
('MVT', 'Blackrock MuniVest Fund II, Inc.', 16.11, 'NYSE'),
('MYC', 'Blackrock MuniYield California Fund, Inc.', 15.93, 'NYSE'),
('MCA', 'Blackrock MuniYield California Insured Fund, Inc.', 15.3, 'NYSE'),
('MYD', 'Blackrock MuniYield Fund, Inc.', 14.74, 'NYSE'),
('MYF', 'Blackrock MuniYield Investment Fund', 16.0008, 'NYSE'),
('MFT', 'Blackrock MuniYield Investment QualityFund', 14.37, 'NYSE'),
('MIY', 'Blackrock MuniYield Michigan Quality Fund, Inc.', 14.29, 'NYSE'),
('MYJ', 'Blackrock MuniYield New Jersey Fund, Inc.', 16.36, 'NYSE'),
('MYN', 'Blackrock MuniYield New York Quality Fund, Inc.', 13.48, 'NYSE'),
('MPA', 'Blackrock MuniYield Pennsylvania Quality Fund', 14.98, 'NYSE'),
('MQT', 'Blackrock MuniYield Quality Fund II, Inc.', 13.33, 'NYSE'),
('MYI', 'Blackrock MuniYield Quality Fund III, Inc.', 14.25, 'NYSE'),
('MQY', 'Blackrock MuniYield Quality Fund, Inc.', 15.55, 'NYSE'),
('BNJ', 'BlackRock New Jersey Municipal Income Trust', 15.53, 'NYSE'),
('BNY', 'BlackRock New York Investment Quality Municipal Trust Inc. (Th', 15.171, 'NYSE'),
('BLH', 'Blackrock New York Municipal 2018 Term Trust', 15.01, 'NYSE'),
('BQH', 'Blackrock New York Municipal Bond Trust', 14.989, 'NYSE'),
('BSE', 'Blackrock New York Municipal Income Quality Trust', 14.0899, 'NYSE'),
('BCX', 'BlackRock Resources', 7.68, 'NYSE'),
('BST', 'BlackRock Science and Technology Trust', 18.46, 'NYSE'),
('BSD', 'BlackRock Strategic Municipal Trust Inc. (The)', 13.9001, 'NYSE'),
('BUI', 'BlackRock Utility and Infrastructure Trust', 18.87, 'NYSE'),
('BLK', 'BlackRock, Inc.', 354.91, 'NYSE'),
('BGB', 'Blackstone / GSO Strategic Credit Fund', 14.77, 'NYSE'),
('BGX', 'Blackstone GSO Long Short Credit Income Fund', 15.29, 'NYSE'),
('BSL', 'Blackstone GSO Senior Floating Rate Term Fund', 17, 'NYSE'),
('BCRH', 'Blue Capital Reinsurance Holdings Ltd.', 18.25, 'NYSE'),
('BXC', 'BlueLinx Holdings Inc.', 8.09, 'NYSE'),
('BWP', 'Boardwalk Pipeline Partners L.P.', 16.99, 'NYSE'),
('BA', 'Boeing Company (The)', 133.5, 'NYSE'),
('BCC', 'Boise Cascade, L.L.C.', 24.54, 'NYSE'),
('BCEI', 'Bonanza Creek Energy, Inc.', 1.06, 'NYSE'),
('BOOT', 'Boot Barn Holdings, Inc.', 11.02, 'NYSE'),
('BAH', 'Booz Allen Hamilton Holding Corporation', 30.17, 'NYSE'),
('BWA', 'BorgWarner Inc.', 34.67, 'NYSE'),
('SAM', 'Boston Beer Company, Inc. (The)', 155.41, 'NYSE'),
('BXP', 'Boston Properties, Inc.', 126.9, 'NYSE'),
('BXP^B', 'Boston Properties, Inc.', 25.86, 'NYSE'),
('BSX', 'Boston Scientific Corporation', 22.95, 'NYSE'),
('BOX', 'Box, Inc.', 14.61, 'NYSE'),
('BYD', 'Boyd Gaming Corporation', 19, 'NYSE'),
('BP', 'BP p.l.c.', 35.84, 'NYSE'),
('BPT', 'BP Prudhoe Bay Royalty Trust', 19.75, 'NYSE'),
('BERY', 'BPC Acquisition Corp', 44.5, 'NYSE'),
('BRC', 'Brady Corporation', 34.13, 'NYSE'),
('BDN^E', 'Brandywine Realty Tr', 25.53, 'NYSE'),
('BDN', 'Brandywine Realty Trust', 15.39, 'NYSE'),
('LND', 'Brasilagro Cia Brasileira De Propriedades Agricolas', 3.59, 'NYSE'),
('BAK', 'Braskem S.A.', 16.95, 'NYSE'),
('BRFS', 'BRF S.A.', 17.21, 'NYSE'),
('BPI', 'Bridgepoint Education, Inc.', 6.65, 'NYSE'),
('BGG', 'Briggs & Stratton Corporation', 18.58, 'NYSE'),
('BFAM', 'Bright Horizons Family Solutions Inc.', 65.21, 'NYSE'),
('EAT', 'Brinker International, Inc.', 50.43, 'NYSE'),
('BCO', 'Brink&#39;s Company (The)', 37.04, 'NYSE'),
('BMY', 'Bristol-Myers Squibb Company', 49.77, 'NYSE'),
('BRS', 'Bristow Group Inc', 11.93, 'NYSE'),
('BRX', 'Brixmor Property Group Inc.', 26.91, 'NYSE'),
('BR', 'Broadridge Financial Solutions, Inc.', 65.74, 'NYSE'),
('BKD', 'Brookdale Senior Living Inc.', 15.3, 'NYSE'),
('BAM', 'Brookfield Asset Management Inc', 35.57, 'NYSE'),
('BBU', 'Brookfield Business Partners L.P.', 24.09, 'NYSE'),
('BOXC', 'Brookfield Canada Office Properties', 20.54, 'NYSE'),
('DTLA^', 'Brookfield DTLA Inc.', 21.08, 'NYSE'),
('INF', 'Brookfield Global Listed Infrastructure Income Fund', 12.7, 'NYSE'),
('HHY', 'Brookfield High Income Fund Inc.', 7.24, 'NYSE'),
('BIP', 'Brookfield Infrastructure Partners LP', 34.02, 'NYSE'),
('BOI', 'Brookfield Mortgage Opportunity Income Fund Inc.', 14.65, 'NYSE'),
('BPY', 'Brookfield Property Partners L.P.', 22.37, 'NYSE'),
('BEP', 'Brookfield Renewable Partners L.P.', 30.74, 'NYSE'),
('HTR', 'Brookfield Total Return Fund Inc.', 21.89, 'NYSE'),
('BRO', 'Brown & Brown, Inc.', 37.44, 'NYSE'),
('BRT', 'BRT Realty Trust', 7.6577, 'NYSE'),
('BC', 'Brunswick Corporation', 48.05, 'NYSE'),
('BT', 'BT Group plc', 23.06, 'NYSE'),
('BPL', 'Buckeye Partners L.P.', 68.94, 'NYSE'),
('BKE', 'Buckle, Inc. (The)', 21.65, 'NYSE'),
('BVN', 'Buenaventura Mining Company Inc.', 12.43, 'NYSE'),
('BBW', 'Build-A-Bear Workshop, Inc.', 10.75, 'NYSE'),
('BG', 'Bunge Limited', 59.16, 'NYSE'),
('BURL', 'Burlington Stores, Inc.', 76.69, 'NYSE'),
('BWXT', 'BWX Technologies, Inc.', 37.81, 'NYSE'),
('BCR', 'C.R. Bard, Inc.', 219.8, 'NYSE'),
('GYB', 'CABCO Series 2004-101 Trust', 22.638, 'NYSE'),
('PFH', 'CABCO Series 2004-101 Trust', 19.7, 'NYSE'),
('CAB', 'Cabela&#39;s Inc', 61.9, 'NYSE'),
('CABO', 'Cable One, Inc.', 569.77, 'NYSE'),
('CBT', 'Cabot Corporation', 50.75, 'NYSE'),
('COG', 'Cabot Oil & Gas Corporation', 22.55, 'NYSE'),
('CACI', 'CACI International, Inc.', 100.09, 'NYSE'),
('CAE', 'CAE Inc', 14.3, 'NYSE'),
('CAI', 'CAI International, Inc.', 8.42, 'NYSE'),
('CAA', 'CalAtlantic Group, Inc.', 32.21, 'NYSE'),
('CAL', 'Caleres, Inc.', 26.16, 'NYSE'),
('CCC', 'Calgon Carbon Corporation', 15.78, 'NYSE'),
('CRC', 'California Resources Corporation', 11.2, 'NYSE'),
('CWT', 'California Water  Service Group Holding', 32.21, 'NYSE'),
('CALX', 'Calix, Inc', 6.72, 'NYSE'),
('ELY', 'Callaway Golf Company', 11.06, 'NYSE'),
('CPE', 'Callon Petroleum Company', 15.2, 'NYSE'),
('CPE^A', 'Callon Petroleum Company', 52.58, 'NYSE'),
('CPN', 'Calpine Corporation', 12.91, 'NYSE'),
('CBM', 'Cambrex Corporation', 41.45, 'NYSE'),
('CPT', 'Camden Property Trust', 77.83, 'NYSE'),
('CCJ', 'Cameco Corporation', 8.02, 'NYSE'),
('CPB', 'Campbell Soup Company', 54.33, 'NYSE'),
('CWH', 'Camping World Holdings, Inc.', 21.06, 'NYSE'),
('CM', 'Canadian Imperial Bank of Commerce', 76.28, 'NYSE'),
('CNI', 'Canadian National Railway Company', 66.32, 'NYSE'),
('CNQ', 'Canadian Natural Resources Limited', 32.13, 'NYSE'),
('CP', 'Canadian Pacific Railway Limited', 150.71, 'NYSE'),
('CAJ', 'Canon, Inc.', 28.81, 'NYSE'),
('CMN', 'Cantel Medical Corp.', 75.56, 'NYSE'),
('COF', 'Capital One Financial Corporation', 71.53, 'NYSE'),
('COF^C', 'Capital One Financial Corporation', 26.63, 'NYSE'),
('COF^D', 'Capital One Financial Corporation', 27.9351, 'NYSE'),
('COF^F', 'Capital One Financial Corporation', 26.47, 'NYSE'),
('COF^G', 'Capital One Financial Corporation', 25.34, 'NYSE'),
('COF^P', 'Capital One Financial Corporation', 25.46, 'NYSE'),
('CSU', 'Capital Senior Living Corporation', 16, 'NYSE'),
('BXMT', 'Capital Trust, Inc.', 28.71, 'NYSE'),
('CLA', 'Capitala Finance Corp.', 25.6001, 'NYSE'),
('CMO', 'Capstead Mortgage Corporation', 9.13, 'NYSE'),
('CMO^E', 'Capstead Mortgage Corporation', 24.66, 'NYSE'),
('CRR', 'Carbo Ceramics, Inc.', 10.71, 'NYSE'),
('CAH', 'Cardinal Health, Inc.', 75.27, 'NYSE'),
('CCP', 'Care Capital Properties, Inc.', 26.74, 'NYSE'),
('CRCM', 'Care.com, Inc.', 9.16, 'NYSE'),
('CSL', 'Carlisle Companies Incorporated', 104.82, 'NYSE'),
('KMX', 'CarMax Inc', 51.25, 'NYSE'),
('CCL', 'Carnival Corporation', 46.15, 'NYSE'),
('CUK', 'Carnival Corporation', 46.21, 'NYSE'),
('CRS', 'Carpenter Technology Corporation', 37.96, 'NYSE'),
('CSV', 'Carriage Services, Inc.', 23.56, 'NYSE'),
('CRI', 'Carter&#39;s, Inc.', 87.01, 'NYSE'),
('CAS', 'Castle (A.M.) & Co.', 0.5889, 'NYSE'),
('CSLT', 'Castlight Health, inc.', 4.14, 'NYSE'),
('CTLT', 'Catalent, Inc.', 23.58, 'NYSE');

INSERT INTO stock_transactions(stockid, ticker, uid, portfolioid, shares, open_position_price, open_date) VALUES
(1, 'IBM', 1, 9, 10, 151.52, '2013-01-14'),
(2, 'F', 1, 9, 15, 9.35, '2013-05-06'),
(3, 'GM', 1, 9, 5, 18.66, '2013-05-06'),
(4, 'JPM', 2, 12, 25, 16.13, '2013-05-06'),
(5, 'XOM', 2, 12, 20, 35.9, '2013-05-06'),
(6, 'INTC', 2, 12, 40, 28.2, '2013-06-04'),
(7, 'F', 1, 9, 25, 7.83, '2013-09-06'),
(8, 'AAPL', 1, 9, 25, 75.21, '2014-03-04'),
(9, 'TSLA', 2, 12, 10, 159.88, '2014-04-07'),
(10, 'IBM', 1, 9, 60, 4.51, '2014-06-02'),
(11, 'GE', 1, 9, 10, 16.37, '2014-06-06'),
(12, 'T', 2, 12, 100, 9.46, '2014-08-25'),
(13, 'TSLA', 2, 12, 20, 191.73, '2014-11-24'),
(14, 'TSLA', 2, 12, 20, 73.9, '2015-02-25'),
(16, 'JNJ', 2, 12, 15, 67.92, '2015-04-02'),
(17, 'GS', 1, 9, 55, 72.78, '2015-04-03'),
(18, 'HD', 1, 9, 35, 62.82, '2015-04-03'),
(19, 'MS', 2, 12, 30, 16.58, '2015-04-08'),
(20, 'JNJ', 2, 12, 5, 102.84, '2015-05-04'),
(21, 'GM', 1, 9, 30, 0.75, '2015-05-10'),
(22, 'EBAY', 1, 9, 60, 9.35, '2015-06-15'),
(24, 'INTC', 2, 12, 10, 5.24, '2015-07-08'),
(25, 'WMT', 2, 12, 20, 25.8, '2015-07-08'),
(26, 'JPM', 2, 12, 30, 48.04, '2015-08-03'),
(27, 'WMT', 2, 12, 60, 23.81, '2015-12-14'),
(31, 'AA', 1, 9, 50, 20.13, '2016-05-04'),
(34, 'HD', 1, 9, 20, 30.21, '2016-06-07'),
(15, 'TSLA', 2, 12, -110, 218.77, '2015-03-05'),
(23, 'XOM', 2, 12, -20, 167.43, '2015-07-01'),
(28, 'EBAY', 1, 9, -30, 54.57, '2016-03-14'),
(29, 'GE', 1, 9, -10, 39.34, '2016-04-18'),
(30, 'GS', 1, 9, -45, 191.51, '2016-05-03'),
(32, 'T', 2, 12, -25, 71.09, '2016-05-06'),
(33, 'MS', 2, 12, -10, 33.08, '2016-06-01'),
(35, 'AAPL', 1, 9, -25, 110.76, '2016-07-08'),
(36, 'AA', 1, 9, -20, 23.45, '2016-09-19');
